,lat,lon,Elevation,co_ppb,no2_ppb,o3_ppb,pm10_ug/m3,pm25_ug/m3,so2_ppb,AQI-IN_IN-AQI,aqi_US-AQI,t_C,p_mb,dew_C,h_%,w_km/h,wd_
0,29.5364,75.0158,200.0,1122,4,56,71,42,27,71,117,37,983,2,11,6,160
1,30.233011,74.907758,207.0,437,13,34,65,65,10,118,156,36,983,4,13,4,108
2,31.6199803,74.8764849,233.0,489,5,31,85,51,5,85,139,34,980,16,35,9,360
3,23.5204443,87.3119227,109.0,878,31,2,166,84,6,181,166,32,995,19,47,7,194
4,26.1445,91.7362,50.0,606,2,8,213,213,13,372,263,32,1001,19,47,7,265
5,26.9005959,75.8252787,452.0,448,20,22,86,48,7,86,132,35,957,9,21,11,176
6,25.596727,85.085624,60.0,971,8,66,180,66,4,154,156,34,1000,20,45,8,276
7,26.203442,78.193251,210.0,1153,6,27,25,7,2,27,29,34,983,19,41,0,180
8,12.951913,77.539784,850.0,1,5,14,52,52,3,87,142,33,916,14,32,4,108
9,16.9872867,81.7363176,18.0,891,7,21,56,31,3,56,91,34,1007,19,40,13,149
10,13.328028,75.797056,1040.0,192,5,12,12,3,45,12,13,28,896,19,57,8,280
11,17.457121,78.443493,553.0,537,38,8,76,36,2,76,102,33,947,18,42,18,133
12,19.9756764,79.2422956,188.0,564,7,34,182,54,6,154,147,32,986,19,46,4,134
13,18.529603,73.849586,560.0,2894,13,3,75,38,26,75,107,36,945,14,27,6,277
14,24.5876534,73.6974682,588.0,979,74,14,128,56,4,118,151,34,942,9,21,10,157
15,21.152875,79.0517531,312.0,594,18,25,37,15,1,37,57,31,973,22,60,6,173
16,15.351773,75.140726,639.0,384,11,4,110,39,1,107,110,29,936,20,57,19,238
17,23.7176342,92.7192841,1100.0,349,1,0,84,38,1,84,107,25,917,12,42,8,313
18,13.428828,77.731418,913.0,0,3,13,53,22,4,53,72,31,909,13,32,17,105
19,22.611968,88.347422,7.0,17,10,12,136,72,2,141,160,33,1007,20,48,2,226
20,23.168606,79.932247,404.0,559,5,39,51,24,3,51,76,33,963,13,31,4,177
21,23.8640158,78.80289321,525.0,1048,10,45,64,8,4,64,55,25,949,19,66,7,142
22,28.4501285,77.0263051,225.0,3091,2,18,185,122,10,301,185,36,981,4,13,1,97
23,24.7955,84.9994,116.0,9,1,41,90,30,8,90,89,34,994,13,29,8,293
24,23.221714,72.654328,84.0,408,5,31,64,32,1,64,93,36,996,12,24,15,195
25,16.7602,77.1428,381.0,341,2,10,71,15,9,71,58,36,965,14,28,9,138
26,12.99711389,80.19151667,14.0,1130,30,2,71,34,2,71,97,32,1008,26,72,19,93
27,21.8004996,83.8396977,211.0,1454,7,10,41,18,6,41,63,29,985,18,51,6,184
28,19.840204,75.244935,530.0,0,23,37,70,42,0,70,117,33,948,25,62,9,170
29,22.5367507,88.3638022,9.0,276,9,46,87,51,6,87,139,33,1007,20,48,2,235
30,29.0272,77.0669191,218.0,297,16,19,121,29,9,114,87,35,981,3,13,2,284
31,8.8787,76.6073,18.0,707,3,17,56,34,0,57,97,30,1006,25,75,8,297
32,22.584952,88.359079,12.0,278,43,33,154,77,4,155,162,33,1007,20,48,2,226
33,26.4703088,80.3251749,134.0,1022,15,52,24,16,3,52,59,36,991,17,32,4,252
34,23.7082799,86.4127228,186.0,528,17,0,157,40,7,138,112,34,986,12,27,7,196
35,26.0762,85.4115,56.0,513,13,14,199,115,3,282,182,32,1000,17,42,2,263
36,26.6922399,88.4158141,119.0,450,11,23,70,37,4,70,105,32,993,16,37,4,274
37,27.19865833,78.00598056,175.0,664,15,23,40,12,3,40,50,36,986,8,17,3,212
38,28.52123,76.37138,225.0,700,23,24,103,55,2,102,149,35,981,7,16,5,144
39,28.672114,77.313832,205.0,271,17,67,138,55,13,125,149,37,983,18,31,5,242
40,22.06047,88.109737,14.0,430,11,19,102,28,8,102,84,33,1008,25,61,16,205
41,23.81748678,79.446246,380.0,630,10,42,55,18,3,55,63,27,965,19,65,2,166
42,31.0325454,76.5623046,275.0,498,0,58,68,40,3,68,112,35,975,3,13,8,295
43,23.6871984,86.9461361,130.0,956,15,13,143,86,3,188,167,33,992,13,30,7,195
44,23.10844,77.511428,443.0,430,8,22,72,33,8,72,95,30,958,16,43,9,181
45,22.410802,73.097923,32.0,0,4,23,109,48,0,106,132,37,1001,14,25,19,235
46,29.307814,76.337619,231.0,454,5,8,76,33,4,76,95,36,980,2,12,3,70
47,16.514871,80.5154505,24.0,594,2,27,52,24,4,52,76,35,1006,18,37,12,147
48,28.757294,77.278792,207.0,533,6,37,106,29,5,104,87,35,983,5,15,5,237
49,30.736056,76.209694,268.0,0,9,43,54,22,3,54,72,35,976,4,14,8,327
50,28.9535882,77.7622941,223.0,886,0,64,48,16,4,64,80,35,981,14,28,6,302
51,23.833778,80.391222,389.0,669,35,44,86,35,6,86,99,32,964,15,35,6,155
52,30.1480566,77.2893471,284.0,664,8,15,67,30,2,67,89,35,975,4,14,8,271
53,28.7757959,77.0462514,218.0,507,33,102,241,84,9,194,192,31,982,12,31,1,217
54,29.966942,76.875879,258.0,0,4,34,53,26,29,53,80,35,977,4,14,5,279
55,9.985653,76.281342,9.0,1542,26,7,81,35,2,81,99,32,1008,26,72,13,286
56,29.503664,75.467934,219.0,116,16,26,83,25,3,83,78,36,981,3,12,4,123
57,22.719444,75.870278,554.0,239,38,8,74,31,9,74,91,33,946,17,40,13,167
58,26.268249,73.0193853,233.0,937,12,59,32,18,1,59,64,38,978,13,23,7,159
59,28.406963,77.849831,203.0,576,7,43,86,21,6,86,70,36,983,7,16,6,237
60,27.5515817,76.6080554,278.0,262,3,14,59,59,5,99,153,36,975,9,19,0,180
61,29.4723508,77.7194031,250.0,402,9,57,129,50,3,119,137,35,978,4,14,9,273
62,17.72,83.3,29.0,262,0,24,72,30,3,72,89,31,1007,24,64,15,155
63,30.751462,76.762879,345.0,133,2,19,119,66,3,119,156,34,969,3,14,10,304
64,23.182719,75.768218,488.0,751,7,53,77,13,4,77,62,27,953,20,67,2,201
65,28.806223,76.141105,219.0,517,4,8,132,58,3,122,152,36,981,5,15,5,129
66,19.10861,72.83622,9.0,1028,3,2,69,13,4,69,58,29,1007,22,65,16,287
67,30.6510104,76.329252,268.0,166,11,17,60,34,2,60,97,35,976,3,14,7,327
68,26.470859,74.646594,481.0,432,7,49,63,36,4,63,102,36,953,8,17,6,168
69,30.379589,76.778328,274.0,696,1,21,59,27,4,59,82,35,975,11,24,4,293
70,28.060249,76.113115,305.0,0,5,24,66,40,8,66,112,37,972,17,31,0,180
71,24.58434363,80.8549414,330.0,629,12,4,65,65,0,117,156,34,970,12,26,0,180
72,25.1438895,75.8212555,290.0,961,10,21,65,46,4,77,127,36,974,10,20,4,125
73,28.8253591,78.7830383,201.0,433,20,13,120,39,7,113,110,35,983,4,13,7,278
74,30.455449,78.100618,2109.0,655,1,52,75,18,1,75,63,20,788,1,27,15,259
75,29.497973,76.993331,242.0,443,13,15,80,40,6,80,112,36,979,5,15,4,270
76,28.1485564,77.3300667,194.0,415,10,12,105,47,2,104,129,36,984,6,15,7,185
77,29.14056,75.744941,215.0,891,10,75,80,46,0,80,127,37,982,17,31,0,180
78,22.56263,88.36304,10.0,380,14,46,130,59,5,120,153,33,1007,20,48,2,227
79,30.9019147,75.8077749,247.0,0,0,0,0,0,0,0,0,35,978,12,25,6,340
80,28.5895657,77.0496539,213.0,720,49,49,186,125,2,304,187,31,982,12,30,8,123
81,18.526778,73.975028,550.0,1106,6,13,52,23,20,52,74,35,946,14,28,19,279
82,28.6821516,77.3026128,209.0,224,17,9,164,71,5,142,159,37,983,18,31,3,249
83,19.1494,72.9986,7.0,1447,54,23,118,45,7,112,124,31,1007,20,53,16,280
84,20.9360711,85.1707021,106.0,1249,8,7,97,51,58,97,139,30,996,18,47,3,241
85,18.642103,73.849083,608.0,445,38,44,92,17,3,92,69,34,941,14,30,19,278
86,28.422681,77.148944,254.0,388,35,21,182,83,1,177,165,36,978,4,13,1,95
87,21.613267,73.010555,24.0,882,14,19,69,36,3,69,102,36,1004,12,23,18,240
88,11.55358,76.55521,889.0,485,12,19,65,31,2,65,91,27,911,19,62,6,187
89,18.9936162,72.8128113,9.0,467,6,5,46,10,3,46,42,30,1008,21,59,19,286
90,22.969611,72.6435,48.0,672,15,22,71,27,4,71,82,36,1000,12,24,11,198
91,17.6599188,75.9063906,473.0,463,23,47,141,44,37,127,122,33,954,27,71,4,156
92,26.210536,78.171,214.0,720,2,25,0,22,0,36,72,34,982,19,41,0,180
93,24.762518,84.982348,126.0,299,8,12,38,22,2,38,72,34,992,13,29,8,291
94,24.10897,82.64558,301.0,1153,7,32,74,29,11,74,87,34,974,11,24,9,213
95,20.362421,72.918013,23.0,0,3,1,58,18,16,58,63,31,1005,21,54,14,262
96,23.233584,77.400574,539.0,210,4,49,102,30,6,101,89,31,948,15,37,14,175
97,12.733409,77.298051,707.0,218,1,15,26,25,8,42,78,33,930,12,28,16,118
98,11.249077,75.784371,12.0,498,23,18,110,52,1,106,142,34,1006,26,61,4,292
99,16.802639,75.722694,625.0,2860,4,8,21,9,0,21,38,25,938,20,73,19,137
100,22.49929,88.36917,8.0,365,2,6,80,54,6,90,147,33,1007,20,48,2,235
101,11.875,75.3732,20.0,1305,25,19,134,42,1,123,117,33,1006,25,61,7,282
102,30.349388,76.366642,253.0,332,11,37,66,26,2,66,80,36,977,15,29,0,360
103,16.172806,75.659694,545.0,832,4,15,50,24,3,50,76,34,946,16,33,10,191
104,11.258244,77.552429,307.0,658,17,3,120,48,11,113,132,33,973,19,45,17,104
105,28.733016,77.17197,211.0,665,41,37,159,55,8,139,149,31,983,12,31,3,240
106,20.0073285,73.7762427,582.0,1196,5,30,132,58,1,121,152,36,942,6,16,4,259
107,18.459869,73.852306,660.0,1306,9,2,95,45,11,95,124,36,935,14,27,6,278
108,17.540891,78.358528,589.0,201,7,18,54,22,6,54,72,33,943,18,42,10,136
109,17.320057,76.820889,462.0,747,16,27,31,17,4,31,61,36,956,18,33,4,160
110,29.06351,77.709723,231.0,506,9,49,62,20,5,62,68,35,980,14,28,4,296
111,13.672986,79.351217,919.0,734,10,26,58,31,5,58,91,29,909,18,49,17,106
112,25.592539,85.227158,59.0,631,9,8,242,59,3,195,153,34,1000,20,45,7,274
113,25.586562,85.043586,58.0,738,4,18,120,71,2,136,159,34,999,20,45,8,277
114,22.55664,88.342674,14.0,348,9,53,115,52,6,110,142,33,1007,20,48,2,235
115,28.3419248,77.319699,203.0,297,6,11,106,68,0,126,157,36,983,7,16,0,232
116,28.820629,77.101099,213.0,629,7,81,175,50,7,150,137,35,982,4,15,4,240
117,8.5140567,76.9477422,22.0,384,4,6,30,14,3,30,55,27,1006,26,93,0,180
118,28.557054,77.453663,216.0,256,17,68,134,43,7,123,119,35,982,7,17,5,229
119,8.5637,76.8865,45.0,506,4,15,84,48,1,84,132,27,1004,26,93,5,235
120,28.56923,77.393848,199.0,1223,9,72,115,37,9,110,105,37,984,18,31,5,244
121,28.572714,76.933433,212.0,647,7,103,124,39,4,116,195,31,982,12,31,2,100
122,19.041847,72.865513,11.0,137,34,15,138,26,9,125,92,31,1007,20,53,26,287
123,13.029152,77.585901,918.0,227,41,8,55,22,2,55,72,33,908,14,32,4,106
124,19.047,72.8746,6.0,120,4,14,84,16,10,84,65,31,1007,20,53,26,287
125,28.6701,76.9254,215.0,893,16,23,102,17,2,101,74,31,982,12,31,2,109
126,28.593883,76.270653,213.0,498,10,8,102,61,5,105,154,36,981,5,15,5,139
127,18.661667,73.762331,620.0,695,31,42,90,36,1,90,102,36,939,14,27,20,278
128,28.47272,77.482,193.0,492,25,52,153,57,6,135,152,36,984,7,17,4,231
129,22.9682591,76.064118,557.0,277,5,32,45,22,8,45,72,30,945,17,44,10,170
130,28.620171,77.287705,206.0,817,38,83,198,55,3,165,149,37,983,18,31,0,180
131,19.1375,72.915056,60.0,629,11,29,124,17,14,116,85,31,1002,20,53,26,287
132,26.85272778,80.99632778,120.0,720,30,19,158,88,6,195,168,33,993,13,29,7,249
133,28.5898,77.3101,206.0,437,23,93,128,35,6,119,169,37,984,18,31,3,253
134,28.710066,77.24622,207.0,8,7,70,129,46,5,120,127,37,983,18,31,5,239
135,28.4275,77.1465,257.0,384,17,21,166,73,1,144,160,36,978,4,13,1,95
136,28.815691,77.152491,213.0,786,6,81,114,40,6,109,136,35,982,4,15,4,240
137,12.91281111,77.60921944,912.0,438,20,10,54,31,2,54,91,32,909,16,39,17,102
138,18.91,72.82,10.0,212,8,6,60,17,3,60,61,30,1007,21,59,4,288
139,28.661975,77.124156,216.0,939,59,30,147,75,11,150,161,31,982,12,30,7,199
140,28.4417,77.3217,202.0,1039,13,5,164,57,4,142,152,37,983,18,31,4,215
141,22.9987886,72.6029661,52.0,529,32,38,131,63,11,121,155,36,999,12,24,19,197
142,18.577864,73.908086,583.0,1009,6,15,52,22,15,52,72,34,942,13,28,17,276
143,19.1135051,73.008978,7.0,2161,36,32,108,40,7,105,112,31,1007,20,53,16,280
144,22.572646,88.363895,16.0,360,16,43,140,74,5,146,161,33,1007,20,48,2,227
145,26.86812,81.005119,118.0,742,5,20,130,81,7,170,164,33,993,13,29,7,249
146,28.528344,77.189304,241.0,283,44,35,138,46,8,125,127,37,979,18,31,8,201
147,13.08784,80.27847,13.0,452,35,5,63,18,1,63,63,32,1008,26,69,6,90
148,28.6542593,77.3549349,206.0,541,43,31,123,45,3,115,124,37,983,18,31,5,242
149,28.5447608,77.3231257,197.0,533,28,73,85,26,3,85,108,37,984,18,31,4,216
150,19.2243333,72.8658113,26.0,437,3,7,78,11,2,78,62,31,1006,20,53,16,284
151,19.0863,72.8888,18.0,96,7,15,133,33,10,122,95,31,1006,20,53,26,287
152,22.51106,88.35142,11.0,385,10,16,79,35,9,79,99,33,1007,20,48,2,235
153,12.9773472,77.570697222222,906.0,232,43,10,90,46,1,90,127,33,909,14,32,17,106
154,28.499727,77.267095,260.0,562,20,84,125,41,8,117,147,37,977,18,31,2,201
155,29.6953,77.0027,251.0,541,5,18,82,47,4,82,129,35,978,5,16,5,248
156,28.732743,77.118788,211.0,402,7,90,117,31,5,111,161,31,982,12,31,3,231
157,28.700505,77.165603,217.0,0,15,62,128,45,5,119,124,31,982,12,31,3,231
158,13.0339,77.51321111,914.0,482,39,26,71,34,2,71,97,33,908,14,32,7,108
159,19.3832,72.8204,5.0,1257,11,23,52,11,5,52,47,29,1008,21,65,17,281
160,10.073232,76.302765,12.0,1546,2,7,29,14,2,29,55,33,1006,27,70,7,280
161,12.938539,77.5901,919.0,0,6,1,31,12,1,31,50,33,908,14,32,15,106
162,26.9164092,75.8016788,436.0,468,42,48,78,57,9,96,152,35,959,9,21,9,177
163,12.93890556,77.69727222,882.0,424,40,21,73,36,2,73,102,34,912,18,39,15,102
164,28.582846,77.234366,213.0,637,28,84,85,24,5,85,147,37,982,18,31,0,180
165,28.69572,77.181295,222.0,288,9,16,244,41,10,196,145,37,982,18,31,3,240
166,29.0002662,76.9997466,223.0,342,42,27,164,48,9,143,132,35,981,3,13,2,227
167,28.974801,77.213357,218.0,862,8,50,91,26,8,91,80,35,982,3,13,3,315
168,28.39072,77.30059,205.0,227,1,20,156,102,4,238,175,36,984,7,16,2,288
169,28.630362,77.197293,231.0,326,60,20,122,69,2,131,158,37,980,18,31,0,180
170,28.207037,76.861333,270.0,296,6,15,112,50,4,108,137,36,976,5,15,5,154
171,28.576909,77.075898,214.0,1042,48,52,189,61,3,159,154,36,982,5,14,8,190
172,26.9405166,75.8007016,464.0,554,40,42,105,59,7,104,153,35,956,9,21,6,175
173,28.68241,77.030469,218.0,628,41,80,174,74,6,150,161,31,982,12,30,1,143
174,28.999264,77.7590354,225.0,437,13,71,67,17,1,71,101,35,981,14,28,6,302
175,28.646233,77.358075,209.0,463,27,18,133,34,5,122,97,37,983,18,31,5,244
176,18.497484,73.81349,573.0,1305,37,0,101,52,8,101,142,36,943,14,27,6,278
177,12.920984,77.584908,916.0,0,3,14,108,37,3,105,105,33,908,14,32,15,102
178,28.725645,77.749675,214.0,550,5,49,58,19,8,58,66,36,982,4,13,4,294
179,18.673708,73.891506,571.0,493,37,42,102,21,3,101,74,34,944,14,29,17,273
180,19.25292,73.142019,19.0,297,13,7,93,53,8,93,144,33,1006,18,39,16,273
181,28.4227,77.0667,234.0,838,12,29,156,109,1,264,179,36,980,4,13,1,95
182,28.360699,76.93609,244.0,175,12,49,104,63,4,109,155,36,978,7,16,2,118
183,28.566008,77.176743,233.0,509,38,95,177,57,8,151,174,37,980,18,31,7,226
184,28.685382,77.453839,217.0,17,13,50,80,22,5,80,72,36,982,5,15,5,242
185,17.349694,78.451437,514.0,987,14,10,172,75,2,150,161,33,951,17,37,7,129
186,19.07283,72.88261,7.0,225,6,15,125,17,7,117,85,30,1007,21,58,22,287
187,12.917348,77.622813,885.0,376,47,12,37,17,0,37,61,32,911,16,38,15,102
188,17.38405,78.45636,512.0,572,33,15,157,23,2,138,101,33,951,20,47,13,129
189,28.636997,77.172248,235.0,1252,11,33,256,256,7,405,306,37,980,18,31,7,226
190,12.3511441,76.6249171,770.0,213,33,35,83,39,2,83,110,34,923,15,32,20,95
191,26.83399722,80.8917361,126.0,491,23,41,152,27,0,135,99,33,992,12,27,7,242
192,18.606219,73.750022,586.0,472,33,70,143,99,1,231,173,36,943,14,27,21,278
193,13.0052189,80.2398125,14.0,2576,2,3,24,19,3,32,66,32,1008,26,70,19,92
194,18.536428,73.805453,589.0,238,18,30,73,46,4,76,127,36,942,14,27,6,274
195,28.41012222,77.313775,205.0,433,42,11,167,57,7,145,152,36,983,7,16,0,265
196,19.10078,72.87462,10.0,742,0,3,85,23,7,85,74,30,1007,21,58,22,287
197,17.460103,78.334361,599.0,288,13,1,43,14,3,43,55,33,942,18,40,10,136
198,28.645892,77.314853,206.0,1916,65,77,230,71,9,187,159,37,983,18,31,5,244
199,19.008751,73.01662,6.0,533,19,21,152,41,7,135,115,30,1008,21,58,17,267
200,28.566827,77.251418,216.0,952,4,66,86,42,2,86,117,37,982,18,31,0,180
201,9.969447,76.321186,8.0,1514,2,8,32,16,3,32,59,30,1007,26,80,7,278
202,19.95,79.3,187.0,427,5,5,70,49,1,82,134,32,987,22,56,5,135
203,17.527465,78.176807,555.0,473,6,28,58,19,3,58,66,31,946,17,41,9,133
204,28.531314,77.270686,231.0,3927,53,54,161,45,5,140,124,37,981,18,31,0,180
205,28.2068,76.7997,250.0,282,43,15,231,54,4,187,147,36,978,5,15,6,143
206,30.7057778,76.853180555556,347.0,273,4,27,109,37,12,106,105,35,967,2,12,11,297
207,17.514423,78.274611,545.0,566,20,36,56,25,7,56,78,32,949,17,40,11,137
208,28.376058,77.315741,200.0,454,13,14,154,74,2,148,161,36,983,7,16,0,265
209,18.502167,73.927456,565.0,1587,25,12,87,40,21,87,112,36,943,14,27,6,275
210,28.63576,77.22445,212.0,304,47,32,149,30,4,133,98,37,982,18,31,0,180
211,28.612498,77.237388,213.0,116,43,101,143,52,10,128,190,37,982,18,31,0,180
212,12.9916694,77.545830555556,902.0,228,40,18,101,66,1,121,156,33,910,14,32,4,108
213,25.697189,85.2459,49.0,462,24,45,197,54,3,165,147,34,1001,20,43,7,270
214,25.3636,85.0755,57.0,645,7,34,136,57,4,124,152,36,999,10,21,7,242
215,22.58157048,88.41002457,5.0,381,5,53,80,39,3,80,110,33,1007,19,43,9,226
216,25.619651,85.147382,58.0,699,6,25,198,110,3,267,179,34,1000,20,43,9,276
217,22.629801,88.352017,11.0,4223,9,0,94,53,0,94,144,33,1007,19,43,9,226
218,13.164544,80.26285,6.0,1722,4,16,50,29,6,50,87,32,1009,24,64,15,91
219,19.209401,73.093948,12.0,549,11,30,107,53,6,104,144,32,1006,18,42,16,275
220,31.321907,75.578914,242.0,419,14,31,61,34,3,61,97,35,979,5,16,6,324
221,25.35055556,82.97833333,81.0,240,19,8,60,19,7,60,66,35,997,13,27,6,255
222,26.84578611,80.93874444,123.0,501,33,14,183,53,4,155,144,33,992,12,27,8,249
223,23.331731,75.045981,489.0,609,18,54,133,54,12,122,147,24,952,21,82,2,159
224,22.624758,75.675238,608.0,1301,3,36,68,24,4,68,76,33,940,18,40,9,165
225,22.5707053,88.3008448,4.0,669,34,42,139,55,13,126,149,33,1008,20,48,2,219
226,25.7731026,73.3502377,219.0,677,11,57,58,31,2,58,91,37,980,9,17,9,163
227,27.9002,76.9938,198.0,486,9,14,114,22,10,110,80,36,984,7,16,6,132
228,25.599486,85.113666,57.0,952,12,58,142,62,8,128,154,34,999,20,43,9,276
229,16.507014,80.627767,28.0,927,30,33,104,50,3,103,137,34,1006,19,41,12,139
230,13.1276288,78.1570122,836.0,102,10,7,60,22,4,60,72,31,917,14,34,20,104
231,24.952822,84.002396,111.0,963,5,50,87,15,7,87,66,36,995,7,16,6,279
232,26.428282,80.327067,130.0,750,23,46,59,34,2,59,97,36,992,7,17,4,226
233,13.4127,80.1081,17.0,1253,5,12,57,8,0,57,52,32,1007,24,63,16,89
234,12.415911,75.73505,1157.0,96,3,17,36,27,1,45,82,25,884,20,73,11,297
235,25.494,81.863,95.0,203,5,24,30,13,9,30,53,36,995,8,17,1,231
236,27.168897,78.37696,167.0,341,7,10,98,20,9,98,72,36,988,8,17,3,174
237,12.88925,74.853,69.0,919,2,17,677,418,3,708,446,32,1001,24,63,15,294
238,11.9309,79.8027,10.0,428,1,10,27,7,1,27,29,33,1008,24,61,16,95
239,28.856664,78.772638,196.0,489,7,13,88,11,11,88,67,36,984,4,13,7,277
240,27.19412,77.96237,169.0,218,22,5,58,12,3,58,52,36,988,8,17,3,212
241,18.96702,72.84214,22.0,314,121,25,75,38,1,75,107,30,1005,21,59,4,286
242,27.571409,77.655757,178.0,690,1,15,52,14,13,52,55,36,986,9,18,3,139
243,34.066206,74.81982,1581.0,214,3,59,39,20,1,59,68,20,843,9,48,4,323
244,19.1599,72.9239,0.0,360,1,9,68,31,5,68,91,30,1000,21,58,22,287
245,14.4758,75.9052,592.0,671,11,27,73,32,3,73,93,35,941,17,35,17,248
246,25.0328,85.41948,71.0,744,9,18,54,29,1,54,87,35,998,11,22,6,267
247,26.730136,83.433859,83.0,245,1,28,69,49,11,82,134,36,996,21,41,5,272
248,15.411456,75.638133,676.0,795,5,35,41,19,4,41,66,28,932,21,64,2,257
249,28.83526,78.7446,198.0,358,10,20,54,18,2,54,63,35,984,4,13,6,279
250,26.1403345,85.3650192,56.0,974,3,29,73,51,6,85,139,34,1000,10,22,7,262
251,10.5324,76.2159,12.0,236,3,16,68,30,3,68,89,31,1006,25,71,11,269
252,16.208139,77.348417,403.0,378,12,11,61,32,13,61,93,36,962,16,30,10,119
253,25.301778,82.996789,83.0,323,3,24,23,3,9,24,22,35,997,13,27,5,271
254,13.008556,76.125258,967.0,650,27,20,54,21,1,54,70,28,903,18,54,15,265
255,25.555605,83.950942,70.0,475,4,26,73,19,6,73,66,36,998,8,17,8,253
256,26.90723,80.98579,125.0,341,3,22,122,55,8,115,149,33,992,12,27,7,251
257,13.0664,80.2112,10.0,1464,28,3,48,15,2,48,57,32,1008,26,69,19,90
258,15.34763,76.181767,542.0,2109,24,32,33,18,9,33,63,35,946,16,31,7,127
259,26.511739,80.235136,134.0,734,6,34,74,40,7,74,112,36,991,7,16,5,257
260,13.94,75.555917,589.0,245,6,44,77,32,1,77,93,25,942,23,87,11,256
261,26.15146,85.89342,58.0,426,8,12,92,58,3,96,152,33,1000,12,27,6,259
262,19.11074,72.86084,19.0,157,26,9,63,21,8,63,70,30,1006,21,58,22,287
263,22.977134,72.553024,43.0,26,8,15,101,57,3,101,152,36,1001,12,23,18,193
264,23.163798,72.677768,62.0,0,0,25,71,31,0,71,91,36,998,12,23,16,199
265,30.735567,76.775714,346.0,603,17,61,76,30,3,76,89,35,968,3,13,10,303
266,18.897756,72.81332,7.0,26,5,17,56,25,2,56,78,30,1007,21,59,4,288
267,19.053536,72.84643,4.0,151,38,23,121,39,2,114,110,30,1008,21,58,22,287
268,23.243639,72.68994,78.0,458,14,31,59,28,4,59,84,36,997,12,23,14,200
269,23.04307,72.562968,52.0,725,17,8,107,46,0,104,127,36,999,12,23,19,195
270,23.107969,72.574648,60.0,269,0,36,65,36,5,65,102,36,999,12,23,19,197
271,19.2307,72.8567,0.0,843,38,20,82,28,3,82,84,30,1006,21,58,16,284
272,19.04946,72.923,5.0,728,17,13,85,25,2,85,78,30,1007,21,58,22,287
273,19.044,73.0325,43.0,0,11,37,88,44,3,88,122,30,1005,21,58,15,278
274,19.175,72.9419,27.0,637,9,4,87,25,4,87,78,30,1005,21,58,16,280
275,23.023389,72.515201,67.0,655,7,12,100,68,1,126,157,36,998,12,23,17,193
276,23.076793,72.627874,53.0,11,8,18,111,22,8,107,78,36,999,12,23,19,200
277,19.19709,72.82204,7.0,178,7,15,37,13,3,37,53,31,1007,24,65,7,285
278,19.000083,72.813993,28.0,349,3,11,110,110,3,266,179,30,1006,21,58,19,287
279,19.2058,72.8682,17.0,463,13,15,102,26,2,101,80,30,1006,21,58,20,284
280,23.016834,72.625775,51.0,921,3,37,81,36,5,81,102,36,1000,12,23,19,197
281,25.32393,82.99687,81.0,183,0,7,20,10,8,20,42,35,997,13,27,5,252
282,25.425602,81.917152,99.0,148,2,16,64,14,9,64,55,36,996,8,17,1,290
283,25.204762,85.51496,60.0,978,4,3,56,23,4,56,74,36,1000,11,22,7,243
284,13.1036,80.2909,9.0,415,3,5,28,11,0,28,46,32,1008,26,69,6,90
285,27.169338,78.03582,175.0,306,11,2,98,27,12,98,82,36,987,8,17,5,212
286,28.88528,78.7388,200.0,445,8,15,59,19,9,59,66,36,984,4,13,7,279
287,13.1278,80.2642,5.0,533,3,3,44,9,1,44,41,32,1009,26,69,6,91
288,27.19862,77.92066,171.0,201,21,8,111,29,4,107,87,36,987,8,17,3,189
289,25.44919916,81.82735986,103.0,218,2,6,36,18,12,36,63,36,995,8,17,1,235
290,25.262326,82.995408,88.0,85,1,0,23,3,5,23,21,35,996,13,27,5,271
291,26.509954,80.249612,134.0,734,6,34,74,40,7,74,112,36,991,7,17,5,257
292,27.23711,78.01936,160.0,218,12,37,42,34,5,57,97,36,988,8,17,3,212
293,12.9533,80.2357,5.0,201,2,3,40,11,1,40,46,32,1009,26,70,19,92
294,26.766433,80.927299,121.0,445,5,50,76,31,12,76,91,33,993,12,27,7,249
295,26.11442,85.39813,57.0,448,6,9,98,50,3,98,137,34,1000,10,22,7,263
296,26.1875,91.744194,65.0,655,1,9,353,343,16,471,393,32,1000,20,49,8,279
297,26.0881305,87.93840336,48.0,22,13,25,85,19,0,85,66,32,1001,19,45,2,228
298,25.560083,87.553265,36.0,2452,6,9,41,17,7,41,61,33,1002,19,42,2,258
299,25.265194,87.012947,55.0,162,4,25,108,74,4,148,161,32,1000,20,48,0,360
300,25.366336,87.117468,40.0,0,1,7,120,18,3,113,83,32,1002,17,39,3,264
301,25.6635413,94.0989878,1499.0,367,1,12,106,58,10,104,152,22,852,13,56,0,360
302,27.103358,93.679645,166.0,297,1,1,93,45,1,93,124,30,990,18,50,3,33
303,26.146529,87.454184,56.0,389,4,4,86,22,4,86,72,33,1000,17,38,5,238
304,25.251013,86.989001,53.0,1070,32,25,154,65,5,136,156,32,1000,20,48,0,360
305,25.892357,86.590325,49.0,622,3,21,63,25,5,63,78,33,1001,15,33,4,258
306,25.376776,86.471523,50.0,716,4,13,115,57,3,110,152,34,1001,13,29,5,275
307,23.8628276,91.2887362,41.0,515,6,15,133,46,9,122,127,33,1002,22,52,6,302
308,22.08815,82.13737,276.0,0,8,2,32,18,3,32,63,30,977,18,48,6,207
309,25.7808257,84.7446768,58.0,1378,13,0,100,61,1,103,154,34,1000,9,21,8,272
310,24.792403,84.992416,114.0,380,13,2,53,19,1,53,66,34,993,13,28,11,293
311,23.041137,72.456691,48.0,641,8,12,99,66,1,121,156,36,1000,12,23,17,190
312,28.6245479,77.3577104,202.0,1298,6,24,138,49,6,125,134,37,984,18,31,5,244
313,24.2613009,80.7231783,521.0,1319,5,9,60,25,5,60,78,33,949,12,27,12,180
314,25.5586,91.8985,1602.0,192,0,0,39,39,12,65,110,17,837,12,74,0,180
315,10.942451,76.978996,393.0,463,1,5,45,22,5,45,72,36,964,17,32,12,88
316,25.4547,78.6039,232.0,166,2,20,202,144,4,319,197,34,981,16,34,8,155
317,25.5626095,84.663264,65.0,111,3,8,103,28,6,102,84,36,999,8,17,7,279
318,25.357288,84.107844,77.0,506,4,30,83,20,6,83,68,36,998,8,18,7,260
319,30.719859,76.738637,325.0,719,6,37,75,18,4,75,63,35,970,3,13,10,303
320,27.106972,78.000111,166.0,175,1,7,34,25,2,41,78,36,987,7,17,4,211
321,21.185571,81.343175,304.0,1383,9,17,26,26,6,43,80,29,974,19,54,159,241
322,17.544899,78.486949,591.0,229,4,25,44,28,1,46,84,33,943,18,40,12,131
323,13.218341,80.32027,9.0,1514,4,14,48,25,5,48,78,32,1009,26,69,15,91
324,13.34194444,74.74694444,22.0,789,37,22,535,318,3,532,431,30,1006,24,71,17,298
325,17.470431,78.566959,559.0,555,4,33,118,37,3,112,105,33,946,18,40,12,129
326,9.36399,78.831977,9.0,35,15,7,80,12,2,80,63,31,1008,25,68,16,66
327,12.746998,77.813811,868.0,312,32,19,63,34,3,63,97,31,913,13,34,23,119
328,17.393559,78.339194,532.0,343,36,6,77,45,2,77,124,33,949,17,37,10,129
329,10.358535,77.984321,293.0,326,20,2,39,18,6,39,63,31,975,22,61,15,112
330,17.585705,78.126199,533.0,408,11,25,113,54,1,109,147,31,949,17,43,9,144
331,8.816428,78.099039,14.0,125,10,16,18,20,3,33,68,31,1007,25,68,13,83
332,14.7918,75.3896,576.0,646,12,10,74,38,4,74,107,34,943,20,43,9,260
333,14.675886,77.593027,360.0,585,0,14,48,21,1,48,70,37,966,15,28,7,96
334,11.4068288,76.7138973,2228.0,306,3,2,36,19,4,36,66,18,781,14,79,10,116
335,17.429398,78.569354,501.0,448,5,29,112,38,3,108,107,33,952,18,40,12,127
336,23.8175497,91.2726974,29.0,515,6,15,133,46,9,122,127,33,1003,22,52,6,302
337,28.359581,79.414455,178.0,118,0,6,23,2,7,23,21,35,986,10,21,2,276
338,25.859655,85.77944,53.0,170,2,4,52,25,1,52,78,35,1000,13,26,5,260
339,28.2348927,77.8683002,200.0,428,1,19,67,42,19,70,117,36,983,7,16,3,265
340,28.802625,78.753728,191.0,360,19,22,60,22,3,60,72,35,984,4,14,6,274
341,27.1594,78.3953,167.0,410,6,28,42,34,11,57,97,36,987,8,17,3,174
342,28.849399,78.742362,195.0,472,2,28,55,20,11,55,68,36,984,4,13,7,279
343,30.943887,76.801991,436.0,424,6,74,91,17,6,91,112,34,958,3,14,12,291
344,17.37206,78.50864,503.0,38,5,15,102,45,2,102,124,33,952,20,47,13,129
345,25.5803419,91.8942571,1430.0,193,0,0,39,39,12,65,110,17,856,12,74,0,180
346,24.7524239,93.9286218,778.0,236,4,24,37,37,27,61,105,28,923,12,37,7,270
347,24.8207389,93.9423085,783.0,122,3,0,43,13,31,43,53,28,922,12,37,7,259
348,28.964949,77.278761,225.0,921,10,46,74,22,5,74,72,35,981,3,13,3,315
349,11.0328,77.0349,406.0,474,1,4,64,33,6,64,95,36,962,17,32,19,90
350,17.528544,78.286195,539.0,515,4,13,93,27,3,93,82,32,949,17,40,11,137
351,28.840739,78.697531,195.0,218,7,60,50,12,2,60,67,35,984,4,13,6,279
352,17.417094,78.457437,528.0,410,6,19,70,35,3,70,99,33,950,20,47,13,129
353,25.444266,86.140169,44.0,661,4,11,95,46,3,95,127,35,1001,14,27,5,253
354,28.38910936,79.42963708,178.0,157,1,2,34,11,14,34,46,35,986,10,21,2,276
355,11.0973603,77.3228673,275.8732394366197,515,6,4,54,27,6,54,82,33,973,18,42,15,101
356,12.8956152,77.602547,275.8732394366197,358,14,32,46,39,3,65,110,32,909,16,38,15,102
357,12.9407365,77.6206651,275.8732394366197,243,36,12,61,32,1,61,93,33,910,13,30,17,106
358,12.981005,77.699421,275.8732394366197,350,7,26,55,26,3,55,80,34,911,18,38,15,102
359,27.310116,88.59682,275.8732394366197,216,1,50,30,13,3,50,53,19,872,16,81,1,175
360,34.16119,77.580574,275.8732394366197,126,1,79,4,1,0,79,129,5,672,-14,24,10,284
361,30.682323,74.742775,275.8732394366197,553,13,26,94,62,7,106,154,34,983,5,16,1,317
362,22.318556,87.3121,275.8732394366197,631,29,56,111,62,4,108,154,33,1002,18,42,8,182
363,12.8798038,77.5886786,275.8732394366197,291,12,31,51,39,3,65,110,32,907,16,38,4,102
364,30.716042,76.85199,275.8732394366197,284,25,28,107,46,12,104,127,35,966,2,12,11,297
365,13.0300674,77.5579104,275.8732394366197,343,36,23,88,63,3,109,155,33,908,14,32,4,108
366,12.9302431,77.6212516,275.8732394366197,332,41,13,63,30,1,63,89,33,909,13,30,17,102
367,22.882677,88.01869,275.8732394366197,1036,8,37,116,54,6,111,147,33,1005,18,40,7,215
368,28.890337,76.61798,275.8732394366197,776,32,32,139,52,5,126,142,35,981,3,13,5,154
369,12.938105,77.57025,275.8732394366197,7,36,8,89,40,2,89,112,33,908,14,32,17,106
370,13.019549,77.653277,275.8732394366197,353,31,27,78,38,3,78,107,34,909,18,38,15,106
371,12.9344706,77.6835063,275.8732394366197,352,9,18,46,22,2,46,72,34,912,18,38,15,102
372,30.177834,74.94754,275.8732394366197,237,13,36,102,82,7,174,165,36,982,3,12,4,109
373,12.970598,77.705916,275.8732394366197,348,36,25,81,37,3,81,105,34,910,18,38,15,102
374,12.9692193,77.6082786,275.8732394366197,173,40,11,86,33,2,86,95,33,909,14,32,15,106
375,12.9205038,77.6096936,275.8732394366197,331,32,21,64,40,2,67,112,33,910,13,30,17,102
376,27.31013,88.59687,275.8732394366197,216,1,50,30,13,3,50,53,19,872,16,81,1,175
377,28.423252,77.06722,275.8732394366197,777,36,29,185,135,1,312,192,36,980,4,13,1,95
378,29.547289,75.04942,275.8732394366197,1134,4,50,85,42,26,85,117,36,982,2,11,5,155
